{
  "iterations": [
    100,
    200,
    300,
    400,
    500,
    600,
    700,
    800,
    900,
    1000
  ],
  "rewards": [
    13.97,
    13.33,
    13.43,
    13.81,
    12.77,
    11.72,
    12.43,
    12.53,
    13.17,
    13.41
  ],
  "actor_losses": [
    -0.0114,
    -0.0032,
    -0.015,
    -0.0066,
    -0.0052,
    0.0046,
    -0.0105,
    -0.0147,
    -0.0028,
    -0.0145
  ],
  "critic_losses": [
    12.6719,
    10.8989,
    11.8124,
    11.7117,
    11.0642,
    8.7597,
    9.7495,
    9.9994,
    10.4788,
    10.6266
  ],
  "entropies": [
    17.398,
    17.4545,
    17.3856,
    17.2869,
    17.5502,
    17.9104,
    18.0252,
    18.0663,
    18.0847,
    18.3179
  ],
  "times": [
    0.05,
    0.04,
    0.04,
    0.04,
    0.05,
    0.04,
    0.05,
    0.05,
    0.04,
    0.04
  ],
  "final_reward": 13.41,
  "avg_reward": 13.057000000000002,
  "total_time_seconds": 0.43999999999999995
}